<?xml version="1.0" encoding="UTF-8"?><!DOCTYPE html PUBLIC "-//W3C//DTD XHTML 1.0 Strict//EN" "http://www.w3.org/TR/xhtml1/DTD/xhtml1-strict.dtd"><html xmlns="http://www.w3.org/1999/xhtml" xml:lang="en" lang="en" xmlns:fb="http://ogp.me/ns/fb#"><head><meta http-equiv="Content-Type" content="text/html; charset=utf-8" /><meta name="keywords" content="Privacy policy" /><meta name="description" content="Privacy policy" /><title>Privacy policy</title><link rel="icon" href="/favicon.ico" type="image/x-icon" /><style type="text/css">@import url(/style/001-style-beta.css);@import url(/style/001-tabs.css);</style><script type="text/javascript" src="/script/tools.js"></script></head><body><div id="outline"><script>win_center('outline');</script><div id="wrap"><div id="info_wrap"><div id="info"><div id="main"><div id="content"><h1>Privacy policy</h1><img src="/rs/pictures/tn2_27259.jpg" alt="Privacy policy" class="img_rfloat" /><p>We use cookies to help identify your computer so we will be able to tailor your user experience, track shopping basket contents and remember where you are in the order process.</p><p>GAK.co.uk Ltd privacy policy</p><p>This privacy policy sets out how GAK.co.uk Ltd uses and protects any information that you give GAK.co.uk Ltd when you use this website.</p><p>GAK.co.uk Ltd is committed to ensuring that your privacy is protected. Should we ask you to provide certain information by which you can be identified when using this website, then you can be assured that it will only be used in accordance with this privacy statement.</p><p>GAK.co.uk Ltd may change this policy from time to time by updating this page. You should check this page from time to time to ensure that you are happy with any changes. This policy is effective from 1st January 2015.</p><p>What we collect</p><p>We may collect the following information:</p><p>name and job title</p><p>contact information including email address</p><p>demographic information such as postcode, preferences and interests</p><p>other information relevant to customer surveys and/or offers</p><p>What we do with the information we gather</p><p>We require this information to understand your needs and provide you with a better service, and in particular for the following reasons:</p><p>Internal record keeping.</p><p>We may use the information to improve our products and services.</p><p>We may periodically send promotional emails about new products, special offers or other information which we think you may find interesting using the email address which you have provided.</p><p>From time to time, we may also use your information to contact you for market research purposes. We may contact you by email, phone, fax or mail. We may use the information to customise the website according to your interests.</p><p>Security</p><p>We are committed to ensuring that your information is secure. In order to prevent unauthorised access or disclosure, we have put in place suitable physical, electronic and managerial procedures to safeguard and secure the information we collect online.</p><p>How we use cookies</p><p>A cookie is a small file which asks permission to be placed on your computer's hard drive. Once you agree, the file is added and the cookie helps analyse web traffic or lets you know when you visit a particular site. Cookies allow web applications to respond to you as an individual. The web application can tailor its operations to your needs, likes and dislikes by gathering and remembering information about your preferences.</p><p>We use traffic log cookies to identify which pages are being used. This helps us analyse data about webpage traffic and improve our website in order to tailor it to customer needs. We only use this information for statistical analysis purposes and then the data is removed from the system.</p><p>Overall, cookies help us provide you with a better website by enabling us to monitor which pages you find useful and which you do not. A cookie in no way gives us access to your computer or any information about you, other than the data you choose to share with us.</p><p>You can choose to accept or decline cookies. Most web browsers automatically accept cookies, but you can usually modify your browser setting to decline cookies if you prefer. This may prevent you from taking full advantage of the website.</p><p>Links to other websites</p><p>Our website may contain links to other websites of interest. However, once you have used these links to leave our site, you should note that we do not have any control over that other website. Therefore, we cannot be responsible for the protection and privacy of any information which you provide whilst visiting such sites and such sites are not governed by this privacy statement. You should exercise caution and look at the privacy statement applicable to the website in question.</p><p>Controlling your personal information</p><p>You may choose to restrict the collection or use of your personal information in the following ways:</p><p>Whenever you are asked to fill in a form on the website, look for the box that you can click to indicate that you do not want the information to be used by anybody for direct marketing purposes</p><p>If you have previously agreed to us using your personal information for direct marketing purposes, you may change your mind at any time by contacting us</p><p>We will not sell, distribute or lease your personal information to third parties unless we have your permission or are required by law to do so. We may use your personal information to send you promotional information about third parties which we think you may find interesting if you tell us that you wish this to happen.</p><p>You may request details of personal information which we hold about you under the Data Protection Act 1998. A small fee will be payable. If you would like a copy of the information held on you please write to at 60 Gladstone Place, Brighton, East Sussex, BN2 3QD</p><p>If you believe that any information we are holding on you is incorrect or incomplete, please write to or email us as soon as possible at the above address. We will promptly correct any information found to be incorrect.</p></div><div id="side"><div id="basketsummary"><div><div>Your shopping basket <br />is currently empty</div></div></div><script type="text/javascript">var myAccountInfo='<div><h3>Sign In</h3><form action="https://www.gak.co.uk/do/sign-in" method="post"><input type="hidden" name="v[login_session]" value="gjrq4dhptsgqco7ke02i0g8af5" /><input type="hidden" name="v[login_after]" id="v_login_after" value="/en/privacy-policy" /><h4>What is your e-mail address?</h4><span>My email address is:</span><input type="text" name="v[login_name]" id="my_email" value="" /><h4>Do you have a GAK.co.uk password?</h4><div id="my_status"><div><input type="radio" name="v[login_new]" value="y" />No, I am a new customer</div><div><input type="radio" name="v[login_new]" value="n" checked />Yes, I have a password:</div></div><input type="password" name="v[login_pass]" id="my_pass" value="" /><input type="submit" name="v[login_submit]" id="my_submit" value="" /></form><h3>Account Login FAQ</h3><ul><li>Can I place an order without creating an account?<ul><li>Yes, you can. If you prefer not to create an account with us, you are most welcome to shop as a guest. Just add items to your cart and then proceed to checkout.</li></ul></li><li>I registered, but now I have forgotten my password. What do I do?<ul><li>You will be asked to enter the email address, firstname and lastname associated to your account.</li><li>Once the request is submitted, an email will be sent to you providing your account username and instructions for resetting Password.</li><li><a href="/en/cant-login-to-your-account" title="Forgotten your password? Click here">Forgotten your password? Click here</a></li></ul></li></ul><a href="javascript:HideLargeProductPicture()"><img src="/u/001-continue.gif" alt="Continue" /></a></div>'</script><div id="languagebox"><div>Select your language:<select name="ncid" onchange="javascript:setLanguage(this.value, '%2Fen%2Fprivacy-policy');"><option value="1" selected="selected">English</option></select></div><div></div></div><div><a href="/en/guitars" title="GAK Guitars"><img src="/banners/banner289.png" alt="GAK Guitars" class="banner" /></a><a href="/en/pro-audio" title="GAK Pro-Audio &amp; DJ"><img src="/banners/banner290.png" alt="GAK Pro-Audio &amp; DJ" class="banner" /></a><a href="/en/keyboards-digital-pianos" title="GAK Pianos &amp; Keyboards"><img src="/banners/banner291.png" alt="GAK Pianos &amp; Keyboards" class="banner" /></a><a href="/en/drums-shop" title="GAK Drums"><img src="/banners/banner292.png" alt="GAK Drums" class="banner" /></a><a href="/en/gakfinance" title="GAK Finance &amp; Price Match"><img src="/banners/banner293.png" alt="GAK Finance &amp; Price Match" class="banner" /></a><a href="https://uk.trustpilot.com/review/www.gak.co.uk" title="Trust Pilot ★★★★★"><img src="/banners/banner294.png" alt="Trust Pilot ★★★★★" class="banner" /></a></div></div></div></div></div><div id="contents"><div><div id="extra_specials_l"><div class="prodbox"><div class="dsc"><a href="/en/earthquaker-devices-dunes-overdrive/120708" title="Earthquaker Devices Dunes Overdrive"><h3>Earthquaker Devices Dunes Overdrive</h3></a></div><div class="pic"><a href="/en/earthquaker-devices-dunes-overdrive/120708" title="Earthquaker Devices Dunes Overdrive"><img src="http://rs.gak.co.uk/tn3/tn3_32120708.jpg" alt="Earthquaker Devices Dunes Overdrive" /></a></div><div class="opt"><div class="our_price">Price: &pound;<span>159.00</span></div><div class="rrp_price">Normally: &pound;<span>169.00</span></div><form action="/en/earthquaker-devices-dunes-overdrive/120708" method="post"><input type="hidden" name="v[order_id]" value="120708" /><input type="image" name="" src="/u/001-more-info.png" value="" /></form></div></div><div class="prodbox"><div class="dsc"><a href="/en/shure-se315-clear/85789" title="Shure SE315 Clear"><h3>Shure SE315 Clear</h3></a></div><div class="pic"><a href="/en/shure-se315-clear/85789" title="Shure SE315 Clear"><img src="http://rs.gak.co.uk/tn3/tn3_4085789.jpg" alt="Shure SE315 Clear" /></a></div><div class="opt"><div class="our_price">Price: &pound;<span>135.00</span></div><form action="/en/shure-se315-clear/85789" method="post"><input type="hidden" name="v[order_id]" value="85789" /><input type="image" name="" src="/u/001-more-info.png" value="" /></form></div></div><div class="prodbox"><div class="dsc"><a href="/en/remo-pp-0240-be-emperor-clear-fusion-propack-plus-14in-ambassador/26504" title="Remo PP-0240-BE Emperor Clear ProPack Plus 14in Ambassador (Fusion)"><h3>Remo PP-0240-BE Emperor Clear ProPack Plus 14in Ambassador (Fusion)</h3></a></div><div class="pic"><a href="/en/remo-pp-0240-be-emperor-clear-fusion-propack-plus-14in-ambassador/26504" title="Remo PP-0240-BE Emperor Clear ProPack Plus 14in Ambassador (Fusion)"><img src="http://rs.gak.co.uk/tn3/tn3_6626504.jpg" alt="Remo PP-0240-BE Emperor Clear ProPack Plus 14in Ambassador (Fusion)" /></a></div><div class="opt"><div class="our_price">Price: &pound;<span>42.40</span></div><div class="rrp_price">Normally: &pound;<span>47.10</span></div><form action="/en/remo-pp-0240-be-emperor-clear-fusion-propack-plus-14in-ambassador/26504" method="post"><input type="hidden" name="v[order_id]" value="26504" /><input type="image" name="" src="/u/001-more-info.png" value="" /></form></div></div><div class="prodbox"><div class="dsc"><a href="/en/paiste-pst-3-universal-set-plus-14in-crash/5016" title="Paiste PST 3 Box Universal Set with FREE 14in Crash"><h3>Paiste PST 3 Box Universal Set with FREE 14in Crash</h3></a></div><div class="pic"><a href="/en/paiste-pst-3-universal-set-plus-14in-crash/5016" title="Paiste PST 3 Box Universal Set with FREE 14in Crash"><img src="http://rs.gak.co.uk/tn3/tn3_125016.jpg" alt="Paiste PST 3 Box Universal Set with FREE 14in Crash" /></a></div><div class="opt"><div class="our_price">Price: &pound;<span>159.00</span></div><div class="rrp_price">Normally: &pound;<span>214.00</span></div><form action="/en/paiste-pst-3-universal-set-plus-14in-crash/5016" method="post"><input type="hidden" name="v[order_id]" value="5016" /><input type="image" name="" src="/u/001-more-info.png" value="" /></form></div></div><div class="prodbox"><div class="dsc"><a href="/en/paiste-101-brass-crash-16in/24882" title="Paiste 101 Brass Crash (16in)"><h3>Paiste 101 Brass Crash (16in)</h3></a></div><div class="pic"><a href="/en/paiste-101-brass-crash-16in/24882" title="Paiste 101 Brass Crash (16in)"><img src="http://rs.gak.co.uk/tn3/tn3_14424882.jpg" alt="Paiste 101 Brass Crash (16in)" /></a></div><div class="opt"><div class="our_price">Price: &pound;<span>32.00</span></div><div class="rrp_price">Normally: &pound;<span>44.00</span></div><form action="/en/paiste-101-brass-crash-16in/24882" method="post"><input type="hidden" name="v[order_id]" value="24882" /><input type="image" name="" src="/u/001-more-info.png" value="" /></form></div></div><div class="prodbox"><div class="dsc"><a href="/en/novation-impulse-49/52652" title="Novation Impulse 49"><h3>Novation Impulse 49</h3></a></div><div class="pic"><a href="/en/novation-impulse-49/52652" title="Novation Impulse 49"><img src="http://rs.gak.co.uk/tn3/tn3_5252652.jpg" alt="Novation Impulse 49" /></a></div><div class="opt"><div class="our_price">Price: &pound;<span>199.00</span></div><div class="rrp_price">Normally: &pound;<span>279.00</span></div><form action="/en/novation-impulse-49/52652" method="post"><input type="hidden" name="v[order_id]" value="52652" /><input type="image" name="" src="/u/001-more-info.png" value="" /></form></div></div></div></div></div></div><div id="banners"><div id="extra_specials_r"><div class="prodbox"><div class="dsc"><a href="/en/paiste-pst-3-crash/24255" title="Paiste PST 3 Crash (14in)"><h3>Paiste PST 3 Crash (14in)</h3></a></div><div class="pic"><a href="/en/paiste-pst-3-crash/24255" title="Paiste PST 3 Crash (14in)"><img src="http://rs.gak.co.uk/tn3/tn3_9524255.jpg" alt="Paiste PST 3 Crash (14in)" /></a></div><div class="opt"><div class="our_price">Price: &pound;<span>25.97</span></div><div class="rrp_price">Normally: &pound;<span>35.00</span></div><form action="/en/paiste-pst-3-crash/24255" method="post"><input type="hidden" name="v[order_id]" value="24255" /><input type="image" name="" src="/u/001-more-info.png" value="" /></form></div></div><div class="prodbox"><div class="dsc"><a href="/en/epiphone-limited-edition-1966-g-400-pro-cherry/59662" title="Epiphone Limited Edition 1966 G-400 PRO (Cherry)"><h3>Epiphone Limited Edition 1966 G-400 PRO (Cherry)</h3></a></div><div class="pic"><a href="/en/epiphone-limited-edition-1966-g-400-pro-cherry/59662" title="Epiphone Limited Edition 1966 G-400 PRO (Cherry)"><img src="http://rs.gak.co.uk/tn3/tn3_9959662.jpg" alt="Epiphone Limited Edition 1966 G-400 PRO (Cherry)" /></a></div><div class="opt"><div class="our_price">Price: &pound;<span>259.00</span></div><form action="/en/epiphone-limited-edition-1966-g-400-pro-cherry/59662" method="post"><input type="hidden" name="v[order_id]" value="59662" /><input type="image" name="" src="/u/001-more-info.png" value="" /></form></div></div><div class="prodbox"><div class="dsc"><a href="/en/pedaltrain-novo-pedalboard-gig-bag/118156" title="Pedaltrain Novo 18 Pedalboard With Gig Bag"><h3>Pedaltrain Novo 18 Pedalboard With Gig Bag</h3></a></div><div class="pic"><a href="/en/pedaltrain-novo-pedalboard-gig-bag/118156" title="Pedaltrain Novo 18 Pedalboard With Gig Bag"><img src="http://rs.gak.co.uk/tn3/tn3_85118156.jpg" alt="Pedaltrain Novo 18 Pedalboard With Gig Bag" /></a></div><div class="opt"><div class="our_price">Price: &pound;<span>95.00</span></div><div class="rrp_price">Normally: &pound;<span>111.11</span></div><form action="/en/pedaltrain-novo-pedalboard-gig-bag/118156" method="post"><input type="hidden" name="v[order_id]" value="118156" /><input type="image" name="" src="/u/001-more-info.png" value="" /></form></div></div><div class="prodbox"><div class="dsc"><a href="/en/shure-blx288uk-pg58/84783" title="Shure BLX288UK/PG58"><h3>Shure BLX288UK/PG58</h3></a></div><div class="pic"><a href="/en/shure-blx288uk-pg58/84783" title="Shure BLX288UK/PG58"><img src="http://rs.gak.co.uk/tn3/tn3_4084783.jpg" alt="Shure BLX288UK/PG58" /></a></div><div class="opt"><div class="our_price">Price: &pound;<span>399.00</span></div><form action="/en/shure-blx288uk-pg58/84783" method="post"><input type="hidden" name="v[order_id]" value="84783" /><input type="image" name="" src="/u/001-more-info.png" value="" /></form></div></div><div class="prodbox"><div class="dsc"><a href="/en/akg-k328-sunburst-purple/115802" title="AKG K328 Sunburst Purple Headphones"><h3>AKG K328 Sunburst Purple Headphones</h3></a></div><div class="pic"><a href="/en/akg-k328-sunburst-purple/115802" title="AKG K328 Sunburst Purple Headphones"><img src="http://rs.gak.co.uk/tn3/tn3_21115802.jpg" alt="AKG K328 Sunburst Purple Headphones" /></a></div><div class="opt"><div class="our_price">Price: &pound;<span>15.00</span></div><div class="rrp_price">Normally: &pound;<span>39.95</span></div><form action="/en/akg-k328-sunburst-purple/115802" method="post"><input type="hidden" name="v[order_id]" value="115802" /><input type="image" name="" src="/u/001-more-info.png" value="" /></form></div></div><div class="prodbox"><div class="dsc"><a href="/en/zildjian-k-custom-dark-crash-cymbal-16in/22653" title="Zildjian K Custom Dark Crash (16in)"><h3>Zildjian K Custom Dark Crash (16in)</h3></a></div><div class="pic"><a href="/en/zildjian-k-custom-dark-crash-cymbal-16in/22653" title="Zildjian K Custom Dark Crash (16in)"><img src="http://rs.gak.co.uk/tn3/tn3_2222653.jpg" alt="Zildjian K Custom Dark Crash (16in)" /></a></div><div class="opt"><div class="our_price">Price: &pound;<span>255.00</span></div><div class="rrp_price">Normally: &pound;<span>329.00</span></div><form action="/en/zildjian-k-custom-dark-crash-cymbal-16in/22653" method="post"><input type="hidden" name="v[order_id]" value="22653" /><input type="image" name="" src="/u/001-more-info.png" value="" /></form></div></div></div></div><div id="footer">Errors &amp; omissions excepted &copy; Copyright 2002-2012 GAK.CO.UK LTD. Registered in United Kingdom (04578270)<script type="text/javascript"> var _gaq = _gaq || []; _gaq.push(['_setAccount', 'UA-528350-1']); _gaq.push(['_trackPageview']); (function() { var ga = document.createElement('script'); ga.type = 'text/javascript'; ga.async = true; ga.src = ('https:' == document.location.protocol ? 'https://ssl' : 'http://www') + '.google-analytics.com/ga.js'; var s = document.getElementsByTagName('script')[0]; s.parentNode.insertBefore(ga, s); })(); </script><!-- Google Code for GAK Remarketing List --><script type="text/javascript">/* <![CDATA[ */var google_conversion_id = 1071972399;var google_conversion_language = "en";var google_conversion_format = "3";var google_conversion_color = "666666";var google_conversion_label = "E9XkCNXflQMQr4CU_wM";var google_conversion_value = 0;/* ]]> */</script><script type="text/javascript" src="http://www.googleadservices.com/pagead/conversion.js"></script><noscript><div style="display:inline;"><img height="1" width="1" style="border-style:none;" alt="" src="http://www.googleadservices.com/pagead/conversion/1071972399/?label=E9XkCNXflQMQr4CU_wM&amp;guid=ON&amp;script=0"></div></noscript></div><div id="header"><div id="banner_top"><div id="menu"><ul><li><a href="javascript:AddFavourite();" title="Add to favourites" id="favourite">Add to favourites</a></li><li><a href="javascript:doMyAccount();" title="My account" id="my_account">My Account</a></li></ul></div><div><a href="/en/" title="Guitar, Amp &amp; Keyboard Centre (GAK)"><img src="/banners/banner151.jpg" alt="Guitar, Amp &amp; Keyboard Centre (GAK)" class="banner" /></a></div></div></div><script type="text/javascript">var myTabsID="tabs"; var myTabsCount=7;</script><ul id="tabs"><li id="tabs_0" onmouseover="javascript:tryTabsMouseOver('tabs_0', event)" onmouseout="javascript:doTabsMouseOut('tabs_0', 0)" onclick="javascript:doTabsMouseOver('tabs_0', event)">&nbsp;</li><li id="tabs_1" onmouseover="javascript:tryTabsMouseOver('tabs_1', event)" onmouseout="javascript:doTabsMouseOut('tabs_1', 0)" onclick="javascript:doTabsMouseOver('tabs_1', event)">&nbsp;</li><li id="tabs_2" onmouseover="javascript:tryTabsMouseOver('tabs_2', event)" onmouseout="javascript:doTabsMouseOut('tabs_2', 0)" onclick="javascript:doTabsMouseOver('tabs_2', event)">&nbsp;</li><li id="tabs_3" onmouseover="javascript:tryTabsMouseOver('tabs_3', event)" onmouseout="javascript:doTabsMouseOut('tabs_3', 0)" onclick="javascript:doTabsMouseOver('tabs_3', event)">&nbsp;</li><li id="tabs_4" onmouseover="javascript:tryTabsMouseOver('tabs_4', event)" onmouseout="javascript:doTabsMouseOut('tabs_4', 0)" onclick="javascript:doTabsMouseOver('tabs_4', event)">&nbsp;</li><li id="tabs_5" onmouseover="javascript:tryTabsMouseOver('tabs_5', event)" onmouseout="javascript:doTabsMouseOut('tabs_5', 0)" onclick="javascript:doTabsMouseOver('tabs_5', event)">&nbsp;</li><li id="tabs_6" onmouseover="javascript:tryTabsMouseOver('tabs_6', event)" onmouseout="javascript:doTabsMouseOut('tabs_6', 0)" onclick="javascript:doTabsMouseOver('tabs_6', event)">&nbsp;</li></ul><div id="tabs_0d" onmouseover="javascript:doTabsMouseOver('tabs_0', event)" onmouseout="javascript:tryTabsMouseOut('tabs_0', event)"><div class="tabs_menu"><a href="/en/electric-guitars" title="Electric Guitars">Electric Guitars</a><ul><li><a href="/en/stratocaster" title="Stratocaster">Stratocaster</a></li><li><a href="/en/les-paul" title="Les Paul">Les Paul</a></li><li><a href="/en/telecaster" title="Telecaster">Telecaster</a></li><li><a href="/en/sg" title="SG">SG</a></li><li><a href="/en/modern-solidbody" title="Modern Solidbody">Modern Solidbody</a></li><li><a href="/en/rock-and-metal" title="Rock &amp; Metal">Rock & Metal</a></li><li><a href="/en/retro-and-reissue" title="Retro &amp; Reissue">Retro & Reissue</a></li><li><a href="/en/semi-acoustic-and-jazz" title="Semi-Acoustic &amp; Jazz">Semi-Acoustic & Jazz</a></li><li><a href="/en/7-8-string-and-baritone" title="7/8 String &amp; Baritone">7/8 String & Baritone</a></li><li><a href="/en/left-handed-electric-guitars" title="Left Handed">Left Handed</a></li><li><a href="/en/electric-guitar-packs" title="Packs">Packs</a></li><li><a href="/en/mini-and-travel-guitars" title="Mini &amp; Travel Guitars">Mini & Travel Guitars</a></li><li><a href="/en/electric-guitars" title="View All">View All</a></li></ul></div><div class="tabs_menu"><a href="/en/acoustic-guitars" title="Acoustic Guitars">Acoustic Guitars</a><ul><li><a href="/en/6-string" title="6 String">6 String</a></li><li><a href="/en/12-string" title="12 String">12 String</a></li><li><a href="/en/left-handed-acoustic-guitars" title="Left Handed">Left Handed</a></li><li><a href="/en/acoustic-guitar-packs" title="Packs">Packs</a></li><li><a href="/en/acoustic-guitars" title="View All">View All</a></li></ul></div><div class="tabs_menu"><a href="/en/electro-acoustic-guitars" title="Electro-Acoustic Guitars">Electro-Acoustic Guitars</a><ul><li><a href="/en/6-string-electro-acoustic-guitars" title="6 String">6 String</a></li><li><a href="/en/12-string-electro-acoustic-guitars" title="12 String">12 String</a></li><li><a href="/en/left-handed-electro-acoustic-guitars" title="Left Handed">Left Handed</a></li><li><a href="/en/electro-acoustic-guitar-packs" title="Packs">Packs</a></li><li><a href="/en/electro-acoustic-guitars" title="View All">View All</a></li></ul></div><div class="tabs_menu"><a href="/en/classical-guitars" title="Classical Guitars">Classical Guitars</a><ul><li><a href="/en/acoustic-classicals" title="Acoustic">Acoustic</a></li><li><a href="/en/electro-classical-guitars" title="Electro-Acoustic">Electro-Acoustic</a></li><li><a href="/en/classical-guitars" title="View All">View All</a></li><li><a href="/en/left-handed-classical-guitars" title="Left Handed">Left Handed</a></li></ul></div><div class="tabs_menu"><a href="/en/bass-guitars" title="Bass Guitars">Bass Guitars</a><ul><li><a href="/en/4-string-bass-guitars" title="4 String">4 String</a></li><li><a href="/en/5-string-bass-guitars" title="5 String">5 String</a></li><li><a href="/en/6-8-string-bass-guitars" title="6/8 String">6/8 String</a></li><li><a href="/en/fretless-bass-guitars" title="Fretless">Fretless</a></li><li><a href="/en/acoustic-and-upright" title="Acoustic &amp; Upright">Acoustic & Upright</a></li><li><a href="/en/left-handed-bass-guitars" title="Left Handed">Left Handed</a></li><li><a href="/en/bass-packs" title="Packs">Packs</a></li><li><a href="/en/Bass-Guitars" title="View All">View All</a></li></ul></div><div class="tabs_menu"><a href="/en/folk-orchestral" title="Folk Instruments">Folk Instruments</a><ul><li><a href="/en/mandolins" title="Mandolins">Mandolins</a></li><li><a href="/en/ukuleles" title="Ukuleles">Ukuleles</a></li><li><a href="/en/banjos" title="Banjos">Banjos</a></li><li><a href="/en/harmonicas" title="Harmonicas">Harmonicas</a></li><li><a href="/en/violin" title="Violins">Violins</a></li></ul></div><div class="tabs_menu"><a href="/en/fx-pedals" title="Guitar Effects / Pedals">Guitar Effects / Pedals</a><ul><li><a href="/en/stomp-boxes" title="Stompboxes">Stompboxes</a></li><li><a href="/en/floor-multi-effects" title="Floor Multi Effects">Floor Multi Effects</a></li><li><a href="/en/desktop-multi-effects" title="Desktop Multi Effects">Desktop Multi Effects</a></li><li><a href="/en/rack-multi-effects" title="Rack Multi Effects">Rack Multi Effects</a></li><li><a href="/en/fx-pedals" title="View All">View All</a></li></ul></div><div class="tabs_menu"><a href="/en/pickups" title="Pickups">Pickups</a><ul><li><a href="/en/electric-guitar-pickups" title="Electric Guitar">Electric Guitar</a></li><li><a href="/en/bass-pickups" title="Bass Guitar">Bass Guitar</a></li><li><a href="/en/acoustic-pickups" title="Acoustic Guitar">Acoustic Guitar</a></li><li><a href="/en/other-pickups" title="Other Pickups">Other Pickups</a></li></ul></div><div class="tabs_menu"><span>GAK MEGA DEALS</span><ul><li><a href="/en/charvel-guthrie-govan-signature-model-flametop-sn-GG1500779/127854" title="Charvel Guthrie Govan Signature">Charvel Guthrie Govan Signature</a></li><li><a href="/en/gibson-custom-true-historic-1959-les-paul-vintage-cherry-sunburst-sn-95127/127251" title="Gibson True Historic 1959 Les Paul Vintage Cherry Sunburst">Gibson True Historic 1959 Les Paul Vintage Cherry Sunburst</a></li><li><a href="/en/gibson-custom-true-historic-1958-les-paul-vintage-dark-burst/117468" title="Gibson Custom True Historic 1958 Les Paul Vintage Dark Burst">Gibson Custom True Historic 1958 Les Paul Vintage Dark Burst</a></li><li><a href="/en/fender-custom-shop-masterbuilt-george-harrison-tribute-rosewood-telecaster/131337" title="Fender Custom Shop Masterbuilt George Harrison Tribute">Fender Custom Shop Masterbuilt George Harrison Tribute</a></li></ul></div></div><div id="tabs_1d" onmouseover="javascript:doTabsMouseOver('tabs_1', event)" onmouseout="javascript:tryTabsMouseOut('tabs_1', event)"><div class="tabs_menu"><a href="/en/guitar-amplifiers" title="Guitar Amplifiers">Guitar Amplifiers</a><ul><li><a href="/en/practice-amps" title="Practice Amps">Practice Amps</a></li><li><a href="/en/guitar-combos" title="Combos">Combos</a></li><li><a href="/en/heads" title="Heads">Heads</a></li><li><a href="/en/cabinets" title="Cabs">Cabs</a></li><li><a href="/en/acoustic-amplifiers" title="Acoustic Amps">Acoustic Amps</a></li><li><a href="/en/guitar-amplifiers" title="View All">View All</a></li></ul></div><div class="tabs_menu"><a href="/en/bass-guitar-amplifiers" title="Bass Amplifiers">Bass Amplifiers</a><ul><li><a href="/en/bass-practice-amps" title="Practice Amps">Practice Amps</a></li><li><a href="/en/bass-combos" title="Combos">Combos</a></li><li><a href="/en/bass-heads" title="Heads">Heads</a></li><li><a href="/en/bass-cabinets" title="Cabs">Cabs</a></li><li><a href="/en/bass-guitar-amplifiers" title="View All">View All</a></li></ul></div><div class="tabs_menu"><a href="/en/keyboard-amplifiers" title="Keyboard Amplifiers">Keyboard Amplifiers</a><ul><li><a href="/en/view-all-keyboard-amplifiers" title="View All">View All</a></li></ul></div><div class="tabs_menu"><a href="/en/amplifiers" title="GAK MEGA DEALS">GAK MEGA DEALS</a><ul><li><a href="/en/roland-jc-40-stereo-jazz-chorus/119747" title="Roland JC-40 Stereo Jazz Chorus">Roland JC-40 Stereo Jazz Chorus</a></li><li><a href="/en/marshall-guitar-amplifiers" title="0% Finance - Marshall Over £275">0% Finance - Marshall Over £275</a></li><li><a href="/en/marshall-2555x-silver-jubilee-reissue/110603" title="Marshall 2555X Silver Jubilee">Marshall 2555X Silver Jubilee</a></li><li><a href="/en/marshall-dsl40c-limited-edition-1x12-combo-classic/116978" title="Marshall DSL40C Limited Edition">Marshall DSL40C Limited Edition</a></li><li><a href="/en/yamaha-thr100h-single-channel-guitar-amp/122528" title="Yamaha THR100H">Yamaha THR100H</a></li></ul></div><div class="tabs_menu"><span>BEST SELLING COMBOS</span><ul><li><a href="/en/hughes-kettner-tm1812c-tubemeister-18-combo-with-12-inch-speaker/99220" title="Tubemeister 18 Combo">Tubemeister 18 Combo</a></li><li><a href="/en/vox-ac30c1-tv-bc-limited-edition-two-tone-tv-front-guitar-amp/103337" title="Vox AC30 C2-TV-BC LTD">Vox AC30 C2-TV-BC LTD</a></li><li><a href="/en/blackstar-ht-1r-valve-combo-with-reverb/100397" title="Blackstar HT-1R Valve Combo">Blackstar HT-1R Valve Combo</a></li><li><a href="/en/blackstar-ht-5r-valve-combo-with-reverb/100414" title="Blackstar HT-5R Valve Combo">Blackstar HT-5R Valve Combo</a></li><li><a href="/en/fender-blues-junior-iii/40950" title="Fender Blues Junior III">Fender Blues Junior III</a></li><li><a href="/en/line-6-amplifi-150-full-range-guitar-amp-with-bluetooth/93107" title="Line 6 AMPLIFi 150">Line 6 AMPLIFi 150</a></li></ul></div><div class="tabs_menu"><span>BEST SELLING HEADS</span><ul><li><a href="/en/orange-micro-dark-head/119035" title="Orange Micro Dark Head">Orange Micro Dark Head</a></li><li><a href="/en/orange-cr120h-crush-pro-series-head-orange/81571" title="Orange CR120H Crush Head">Orange CR120H Crush Head</a></li><li><a href="/en/marshall-dsl15h-all-valve-15-watt-head/58753" title="Marshall DSL15H All Valve 15 Watt Head">Marshall DSL15H All Valve 15 Watt Head</a></li><li><a href="/en/marshall-jvm410hjs-joe-satriani-signature-head/58743" title="Joe Satriani Signature Head">Joe Satriani Signature Head</a></li><li><a href="/en/blackstar-ht-metal-5h-all-valve-head/102709" title="Blackstar HT Metal 5H All Valve Head">Blackstar HT Metal 5H All Valve Head</a></li></ul></div></div><div id="tabs_2d" onmouseover="javascript:doTabsMouseOver('tabs_2', event)" onmouseout="javascript:tryTabsMouseOut('tabs_2', event)"><div class="tabs_menu"><a href="/en/microphones" title="Microphones">Microphones</a><ul><li><a href="/en/condenser-microphones" title="Condenser Microphones">Condenser Microphones</a></li><li><a href="/en/handheld-vocal-microphones" title="Handheld / Vocal Microphones">Handheld / Vocal Microphones</a></li><li><a href="/en/instrument-dynamic-microphones" title="Instrument / Dynamic Microphones">Instrument / Dynamic Microphones</a></li><li><a href="/en/usb-microphones" title="USB Microphones">USB Microphones</a></li><li><a href="/en/valve-microphones" title="Valve Microphones">Valve Microphones</a></li><li><a href="/en/ribbon-microphones" title="Ribbon Microphones">Ribbon Microphones</a></li><li><a href="/en/microphone-accessories" title="Accessories">Accessories</a></li><li><a href="/en/microphones" title="View All">View All</a></li></ul></div><div class="tabs_menu"><a href="/en/audio-software" title="Audio Software">Audio Software</a><ul><li><a href="/en/midi-sequencing-and-audio-recording" title="MIDI Sequencing &amp; Audio Recording">MIDI Sequencing & Audio Recording</a></li><li><a href="/en/effects-software-plugins" title="Effects Software &amp; Plug-ins">Effects Software & Plug-ins</a></li><li><a href="/en/virtual-instruments-drums" title="Virtual Instruments &amp; Drums">Virtual Instruments & Drums</a></li><li><a href="/en/sample-CDs-sound-libraries" title="Sample CDs &amp; Sound Libraries">Sample CDs & Sound Libraries</a></li><li><a href="/en/audio-software" title="View All">View All</a></li></ul></div><div class="tabs_menu"><a href="/en/computer-recording" title="Computer Recording">Computer Recording</a><ul><li><a href="/en/audio-and-midi-interfaces" title="Audio &amp; MIDI Interfaces">Audio & MIDI Interfaces</a></li><li><a href="/en/control-surfaces" title="Control Surfaces">Control Surfaces</a></li><li><a href="/en/controller-keyboards" title="Controller Keyboards">Controller Keyboards</a></li><li><a href="/en/dsp-cards" title="DSP Cards">DSP Cards</a></li><li><a href="/en/digital-converters" title="Digital Converters">Digital Converters</a></li><li><a href="/en/computer-recording" title="View All">View All</a></li></ul></div><div class="tabs_menu"><a href="/en/mixers" title="Mixers">Mixers</a><ul><li><a href="/en/analogue-mixers" title="Analogue Mixers">Analogue Mixers</a></li><li><a href="/en/digital-mixers" title="Digital Mixers">Digital Mixers</a></li><li><a href="/en/dj-mixers" title="DJ Mixers">DJ Mixers</a></li><li><a href="/en/mixers" title="View All">View All</a></li></ul></div><div class="tabs_menu"><a href="/en/keyboards-digital-pianos" title="Keyboards &amp; Digital Pianos">Keyboards & Digital Pianos</a><ul><li><a href="/en/controller-keyboards" title="Controller Keyboards">Controller Keyboards</a></li><li><a href="/en/synthesizers" title="Synthesizers">Synthesizers</a></li><li><a href="/en/digital-pianos" title="Digital Pianos">Digital Pianos</a></li><li><a href="/en/sound-modules" title="Sound Modules">Sound Modules</a></li><li><a href="/en/home-education-keyboards" title="Home &amp; Education Keyboards">Home & Education Keyboards</a></li><li><a href="/en/workstations" title="Workstations">Workstations</a></li><li><a href="/en/keyboards-digital-pianos" title="View All">View All</a></li></ul></div><div class="tabs_menu"><a href="/en/studio-outboard" title="Studio Outboard">Studio Outboard</a><ul><li><a href="/en/pre-amps-channel-strips" title="Pre-Amps &amp; Channel Strips">Pre-Amps & Channel Strips</a></li><li><a href="/en/dynamics-and-eq" title="Dynamics &amp; EQ">Dynamics & EQ</a></li><li><a href="/en/vocal-effects-processors" title="Vocal Effects Processors">Vocal Effects Processors</a></li><li><a href="/en/studio-peripherals" title="Studio Peripherals">Studio Peripherals</a></li><li><a href="/en/reverb-multi-effects-units" title="Reverb / Multi Effects Units">Reverb / Multi Effects Units</a></li><li><a href="/en/studio-outboard" title="View All">View All</a></li></ul></div><div class="tabs_menu"><a href="/en/studio-monitoring" title="Studio Monitoring">Studio Monitoring</a><ul><li><a href="/en/active-monitors" title="Active Monitors">Active Monitors</a></li><li><a href="/en/passive-monitors" title="Passive Monitors">Passive Monitors</a></li><li><a href="/en/power-amplifiers" title="Power Amplifiers">Power Amplifiers</a></li><li><a href="/en/sub-woofers" title="Sub Woofers">Sub Woofers</a></li><li><a href="/en/studio-monitoring" title="View All">View All</a></li></ul></div><div class="tabs_menu"><a href="/en/studio-recording" title="Studio Recording">Studio Recording</a><ul><li><a href="/en/digital-multitrackers" title="Digital Multitrackers">Digital Multitrackers</a></li><li><a href="/en/portable-recorders" title="Portable Recorders">Portable Recorders</a></li><li><a href="/en/cd-mastering-recorders" title="CD / Mastering Recorders">CD / Mastering Recorders</a></li><li><a href="/en/studio-recording" title="View All">View All</a></li></ul></div><div class="tabs_menu"><a href="/en/samplers-and-sequencers" title="Samplers &amp; Sequencers">Samplers & Sequencers</a><ul><li><a href="/en/samplers-and-sequencers" title="View All">View All</a></li></ul></div><div class="tabs_menu"><a href="/en/headphones" title="Headphones">Headphones</a><ul><li><a href="/en/closed-back-headphones" title="Closed Back">Closed Back</a></li><li><a href="/en/open-semi-open-headphones" title="Open / Semi-Open">Open / Semi-Open</a></li><li><a href="/en/in-ear-streetware-headphones" title="In-Ear / Streetwear">In-Ear / Streetwear</a></li><li><a href="/en/headphone-amplifiers" title="Headphone Amplifiers">Headphone Amplifiers</a></li><li><a href="/en/headphones" title="View All">View All</a></li></ul></div><div class="tabs_menu"><a href="/en/dj" title="DJ / VJ">DJ / VJ</a><ul><li><a href="/en/dj-mixers-controllers" title="DJ Mixers / Controllers">DJ Mixers / Controllers</a></li><li><a href="/en/dj-software" title="DJ Software">DJ Software</a></li><li><a href="/en/dj-packs" title="DJ Packs">DJ Packs</a></li><li><a href="/en/dj-accessories" title="Accessories">Accessories</a></li><li><a href="/en/dj" title="View All">View All</a></li></ul></div><div class="tabs_menu"><a href="/en/video-editing" title="Video Editing">Video Editing</a><ul><li><a href="/en/video-editing-hardware" title="Video Editing Hardware">Video Editing Hardware</a></li><li><a href="/en/video-editing-software" title="Video Editing Software">Video Editing Software</a></li></ul></div><div class="tabs_menu"><a href="/en/drum-machines" title="Drum Machines">Drum Machines</a><ul><li><a href="/en/view-all-drum-machines" title="View All">View All</a></li></ul></div><div class="tabs_menu"><a href="/en/acoustic-treatment" title="Acoustic Treatment">Acoustic Treatment</a><ul><li><a href="/en/acoustic-treatment" title="View All">View All</a></li></ul></div><div class="tabs_menu"><span>GAK MEGA DEALS</span><ul><li><a href="/en/yamaha-p-45-digital-piano-black-inc-stand-headphones-and-bench/123036" title="Yamaha P-45 Keyboard Bundle!">Yamaha P-45 Keyboard Bundle!</a></li><li><a href="/en/yamaha-hs7-studio-monitor-pair-including-monitor-stands/113255" title="Yamaha HS7 Studio Monitor Bundle">Yamaha HS7 Studio Monitor Bundle</a></li><li><a href="/en/shure-sm58-dynamic-vocal-mic-with-stand-and-cable-bundle/113636" title="Shure SM58 Bundle Only £83.99">Shure SM58 Bundle Only £83.99</a></li></ul></div></div><div id="tabs_3d" onmouseover="javascript:doTabsMouseOver('tabs_3', event)" onmouseout="javascript:tryTabsMouseOut('tabs_3', event)"><div class="tabs_menu"><a href="/en/acoustic-drums" title="Acoustic Drums">Acoustic Drums</a><ul><li><a href="/en/starter-kits" title="Starter Kits">Starter Kits</a></li><li><a href="/en/mid-range-kits" title="Mid-Range Kits">Mid-Range Kits</a></li><li><a href="/en/professional-kits" title="Professional Kits">Professional Kits</a></li><li><a href="/en/snare-drums" title="Snare Drums">Snare Drums</a></li><li><a href="/en/individual-drums" title="Individual Drums">Individual Drums</a></li><li><a href="/en/acoustic-drums" title="View All">View All</a></li></ul></div><div class="tabs_menu"><a href="/en/cymbals" title="Cymbals">Cymbals</a><ul><li><a href="/en/hi-hat-cymbals" title="Hi Hat Cymbals">Hi Hat Cymbals</a></li><li><a href="/en/crash-cymbals" title="Crash Cymbals">Crash Cymbals</a></li><li><a href="/en/ride-cymbals" title="Ride Cymbals">Ride Cymbals</a></li><li><a href="/en/crash-ride-cymbals" title="Crash Ride Cymbals">Crash Ride Cymbals</a></li><li><a href="/en/splash-cymbals" title="Splash Cymbals">Splash Cymbals</a></li><li><a href="/en/china-cymbals" title="China Cymbals">China Cymbals</a></li><li><a href="/en/fx-cymbals" title="FX Cymbals">FX Cymbals</a></li><li><a href="/en/box-sets" title="Box Sets">Box Sets</a></li><li><a href="/en/cymbals" title="View All">View All</a></li><li><a href="/en/orchestral-cymbals-and-gongs" title="Orchestral Cymbals &amp; Gongs">Orchestral Cymbals & Gongs</a></li></ul></div><div class="tabs_menu"><a href="/en/electronic-drums" title="Electronic Drums">Electronic Drums</a><ul><li><a href="/en/complete-electric-kits" title="Complete Kits">Complete Kits</a></li><li><a href="/en/individual-trigger-pads" title="Individual Trigger Pads">Individual Trigger Pads</a></li><li><a href="/en/controller-pedals" title="Controller Pedals">Controller Pedals</a></li><li><a href="/en/drum-monitor-systems" title="Monitor Systems">Monitor Systems</a></li><li><a href="/en/acoustic-triggers" title="Acoustic Triggers">Acoustic Triggers</a></li><li><a href="/en/electronic-kit-sound-modules" title="Sound Modules">Sound Modules</a></li><li><a href="/en/digital-percussion-pads" title="Digital Percussion Pads">Digital Percussion Pads</a></li><li><a href="/en/electronic-drum-hardware-and-accessories" title="Hardware &amp; Accessories">Hardware & Accessories</a></li><li><a href="/en/electronic-drums" title="View All">View All</a></li></ul></div><div class="tabs_menu"><a href="/en/percussion" title="Percussion">Percussion</a><ul><li><a href="/en/african-percussion" title="African Percussion">African Percussion</a></li><li><a href="/en/bongos-and-congas" title="Bongos &amp; Congas">Bongos & Congas</a></li><li><a href="/en/brazilian-percussion" title="Brazilian Percussion">Brazilian Percussion</a></li><li><a href="/en/cajons-and-timbales" title="Cajons &amp; Timbales">Cajons & Timbales</a></li><li><a href="/en/childrens-percussion" title="Children’s Percussion">Children’s Percussion</a></li><li><a href="/en/djembes-and-darabukas" title="Djembes &amp; Darabukas">Djembes & Darabukas</a></li><li><a href="/en/frame-drums" title="Frame Drums">Frame Drums</a></li><li><a href="/en/handheld-percussion" title="Handheld Percussion">Handheld Percussion</a></li><li><a href="/en/mountable-percussion" title="Mountable Percussion">Mountable Percussion</a></li><li><a href="/en/tuned-percussion" title="Tuned Percussion">Tuned Percussion</a></li><li><a href="/en/percussion" title="View All">View All</a></li></ul></div><div class="tabs_menu"><a href="/en/drum-hardware" title="Hardware">Hardware</a><ul><li><a href="/en/cymbal-stands" title="Cymbal Stands">Cymbal Stands</a></li><li><a href="/en/drum-pedals" title="Pedals">Pedals</a></li><li><a href="/en/cymbal-holders" title="Cymbal Holders">Cymbal Holders</a></li><li><a href="/en/snare-drum-stands" title="Snare Stands">Snare Stands</a></li><li><a href="/en/drum-thrones" title="Thrones">Thrones</a></li><li><a href="/en/hardware-packs" title="Hardware Packs">Hardware Packs</a></li><li><a href="/en/drum-racks" title="Racks">Racks</a></li><li><a href="/en/drum-clamps" title="Clamps">Clamps</a></li><li><a href="/en/tom-holders-and-stands" title="Tom Holders &amp; Stands">Tom Holders & Stands</a></li><li><a href="/en/percussion-accessories" title="Percussion Accessories">Percussion Accessories</a></li><li><a href="/en/hi-hat-stands" title="Hi Hat Stands">Hi Hat Stands</a></li><li><a href="/en/drum-hardware" title="View All">View All</a></li></ul></div><div class="tabs_menu"><a href="/en/drum-set-cases" title="Drum Cases">Drum Cases</a><ul><li><a href="/en/cymbal-cases" title="Cymbal Cases">Cymbal Cases</a></li><li><a href="/en/stick-bags" title="Stick Bags">Stick Bags</a></li><li><a href="/en/hardware-cases" title="Hardware Cases">Hardware Cases</a></li><li><a href="/en/tom-cases" title="Tom Cases">Tom Cases</a></li><li><a href="/en/pedal-cases" title="Pedal Cases">Pedal Cases</a></li><li><a href="/en/bass-drum-cases" title="Bass Drum Cases">Bass Drum Cases</a></li><li><a href="/en/snare-cases" title="Snare Cases">Snare Cases</a></li><li><a href="/en/drum-rack-cases" title="Drum Rack Cases">Drum Rack Cases</a></li><li><a href="/en/electronic-kit-cases" title="Electronic Kit Cases">Electronic Kit Cases</a></li><li><a href="/en/drum-case-sets" title="Drum Case Sets">Drum Case Sets</a></li><li><a href="/en/percussion-cases" title="Percussion Cases">Percussion Cases</a></li><li><a href="/en/drum-set-cases" title="View All">View All</a></li></ul></div><div class="tabs_menu"><a href="/en/drum-heads" title="Drum Heads">Drum Heads</a><ul><li><a href="/en/snare-heads" title="Snare Heads">Snare Heads</a></li><li><a href="/en/bass-drum-heads" title="Bass Drum Heads">Bass Drum Heads</a></li><li><a href="/en/tom-heads" title="Tom Heads">Tom Heads</a></li><li><a href="/en/drum-head-packs" title="Drum Head Packs">Drum Head Packs</a></li><li><a href="/en/percussion-heads" title="Percussion Heads">Percussion Heads</a></li><li><a href="/en/drum-heads" title="View All">View All</a></li></ul></div><div class="tabs_menu"><a href="/en/drum-accessories" title="Drum Accessories">Drum Accessories</a><ul><li><a href="/en/sticks-brushes" title="Sticks &amp; Brushes">Sticks & Brushes</a></li><li><a href="/en/drum-care-and-maintenance" title="Drum Care &amp; Maintenance">Drum Care & Maintenance</a></li><li><a href="/en/practice-and-silencer-pads" title="Practice &amp; Silencer Pads">Practice & Silencer Pads</a></li><li><a href="/en/metronomes" title="Metronomes">Metronomes</a></li><li><a href="/en/ear-protection" title="Ear Protection">Ear Protection</a></li></ul></div><div class="tabs_menu"><span>GAK MEGA DEALS</span><ul><li><a href="/en/roland-td-1kv-v-drum-kit/95694" title="Roland TD1KV">Roland TD1KV</a></li><li><a href="/en/alesis-dm-lite-kit/85324" title="Alesis DM Lite Kit">Alesis DM Lite Kit</a></li><li><a href="/en/gretsch-cc-s264x-catalina-club-street-silver-sparkle/80144" title="Gretsch CC-S264X Catalina Club Street 4 Piece Shell Pack (Silver Sparkle)">Gretsch CC-S264X Catalina Club Street 4 Piece Shell Pack (Silver Sparkle)</a></li><li><a href="/en/ludwig-breakbeats-questlove-street-kit-red-sparkle/102819" title="Ludwig Breakbeats by Questlove Street Kit">Ludwig Breakbeats by Questlove Street Kit</a></li></ul></div></div><div id="tabs_4d" onmouseover="javascript:doTabsMouseOver('tabs_4', event)" onmouseout="javascript:tryTabsMouseOut('tabs_4', event)"><div class="tabs_menu"><a href="/en/alto-ts115-speaker-bundle-with-stands-bags-and-cables/120686" title="GAK Megadeals">GAK Megadeals</a><ul><li><a href="/en/alto-ts212-bundle-with-speaker-stands-carrying-bags-and-cables/130994" title="Alto TS115 Speaker Bundle">Alto TS115 Speaker Bundle</a></li><li><a href="/en/behringer-europort-mpa40bt/90010" title="EuroPort Portable PA System">EuroPort Portable PA System</a></li><li><a href="http://www.gak.co.uk/en/laney-ah210/113086" title="Laney Complete PA System">Laney Complete PA System</a></li><li><a href="/en/laney-cxp112-active-monitor/43827" title="Laney Active Floor Monitor">Laney Active Floor Monitor</a></li><li><a href="/en/mackie-srm350-v3-powered-pa-speaker/101590" title="Mackie SRM350 V3 Powered PA Speaker">Mackie SRM350 V3 Powered PA Speaker</a></li><li><a href="/en/qsc-k12-k-series-active-pa-speaker/41732" title="QSC K12">QSC K12</a></li></ul></div><div class="tabs_menu"><a href="/en/lighting" title="Lighting">Lighting</a><ul><li><a href="/en/american-dj-starburst/119479" title="American DJ Starburst">American DJ Starburst</a></li><li><a href="/en/american-dj-s81-led-ii-strobe-light/125475" title="Strobe Lights Megadeal £11.00">Strobe Lights Megadeal £11.00</a></li><li><a href="/en/stage-lighting" title="Stage Lighting">Stage Lighting</a></li><li><a href="/en/american-dj-vf-flurry-snow-machine/122832" title="Snow Machine Megadeal £55.00">Snow Machine Megadeal £55.00</a></li><li><a href="/en/american-dj-uv-cob-cannon/105604" title="UV Lighting">UV Lighting</a></li><li><a href="/en/american-dj-ambient-disco-lighting-bundle/126009" title="Disco Lighting Bundle">Disco Lighting Bundle</a></li><li><a href="/en/american-dj-house-party-disco-lighting-bundle/125992" title="House Party Lighting Bundle">House Party Lighting Bundle</a></li><li><a href="/en/american-dj-professional-band-lighting-bundle/126013" title="Band Lighting Bundle">Band Lighting Bundle</a></li><li><a href="/en/american-dj-mega-par-profile-plus/119401" title="Mega PARS">Mega PARS</a></li></ul></div><div class="tabs_menu"><a href="/en/pa-equipment" title="PA Equipment">PA Equipment</a><ul><li><a href="/en/active-speaker-cabs" title="Active Speaker Cabs">Active Speaker Cabs</a></li><li><a href="/en/passive-speaker-cabs" title="Passive Speaker Cabs">Passive Speaker Cabs</a></li><li><a href="/en/powered-mixers" title="Powered Mixers">Powered Mixers</a></li><li><a href="/en/pa-sub-woofers" title="Sub Woofers">Sub Woofers</a></li><li><a href="/en/floor-monitors" title="Floor Monitors">Floor Monitors</a></li><li><a href="/en/power-amps-crossovers" title="Power Amps &amp; Crossovers">Power Amps & Crossovers</a></li><li><a href="/en/portable-pa-systems" title="Portable PA Systems">Portable PA Systems</a></li><li><a href="en/american-dj-professional-band-lighting-bundle/126013" title="Band Lighting Bundle">Band Lighting Bundle</a></li><li><a href="/en/vocal-effects-processors" title="Vocal Effects Processors">Vocal Effects Processors</a></li><li><a href="/en/di-boxes" title="DI Boxes">DI Boxes</a></li></ul></div><div class="tabs_menu"><span>Wireless Systems</span><ul><li><a href="/en/instrument-systems" title="Instrument Systems">Instrument Systems</a></li><li><a href="/en/handheld-mic-systems" title="Handheld Mic Systems">Handheld Mic Systems</a></li><li><a href="/en/separate-components" title="Separate Components">Separate Components</a></li><li><a href="/en/headset-presenter-systems" title="Headset / Presenter Systems">Headset / Presenter Systems</a></li></ul></div></div><div id="tabs_5d" onmouseover="javascript:doTabsMouseOver('tabs_5', event)" onmouseout="javascript:tryTabsMouseOut('tabs_5', event)"><div class="tabs_menu"><span>Guitar</span><ul><li><a href="/en/strings" title="Strings">Strings</a></li><li><a href="/en/guitar-gigbags" title="Gigbags">Gigbags</a></li><li><a href="/en/guitar-cases" title="Cases">Cases</a></li><li><a href="/en/cables" title="Cables">Cables</a></li><li><a href="/en/guitar-straps" title="Guitar Straps">Guitar Straps</a></li><li><a href="/en/tuners-metronomes" title="Tuners &amp; Metronomes">Tuners & Metronomes</a></li><li><a href="/en/guitar-stands" title="Stands">Stands</a></li><li><a href="/en/care-maintenance" title="Care &amp; Maintenance">Care & Maintenance</a></li><li><a href="/en/plectrums" title="Plectrums">Plectrums</a></li><li><a href="/en/slides-capos" title="Slides &amp; Capos">Slides & Capos</a></li><li><a href="/en/guitar-spares" title="Spares">Spares</a></li></ul></div><div class="tabs_menu"><span>Pro Audio & Live Sound</span><ul><li><a href="/en/keyboard-stands-and-benches" title="Keyboard Stands &amp; Benches">Keyboard Stands & Benches</a></li><li><a href="/en/microphone-and-speaker-stands" title="Microphone &amp; Speaker Stands">Microphone & Speaker Stands</a></li><li><a href="/en/memory-cards" title="Memory Cards">Memory Cards</a></li><li><a href="/en/cables" title="Cables">Cables</a></li><li><a href="/en/pro-audio-cases" title="Cases">Cases</a></li><li><a href="/en/pro-audio-gigbags" title="Gigbags">Gigbags</a></li><li><a href="/en/pro-audio-pedals-and-footswitches" title="Pedals &amp; Footswitches">Pedals & Footswitches</a></li><li><a href="/en/workstations-and-other-stands" title="Workstations &amp; Other Stands">Workstations & Other Stands</a></li><li><a href="/en/power-supplies" title="Power Supplies">Power Supplies</a></li></ul></div><div class="tabs_menu"><span>Drums</span><ul><li><a href="/en/sticks-brushes" title="Sticks &amp; Brushes">Sticks & Brushes</a></li><li><a href="/en/practice-and-silencer-pads" title="Practice &amp; Silencer Pads">Practice & Silencer Pads</a></li><li><a href="/en/metronomes" title="Metronomes">Metronomes</a></li><li><a href="/en/ear-protection" title="Ear Protection">Ear Protection</a></li><li><a href="/en/drum-care-and-maintenance" title="Drum Care &amp; Maintenance">Drum Care & Maintenance</a></li></ul></div><div class="tabs_menu"><span>Guitar Effects</span><ul><li><a href="/en/effects-pedalboards-and-cases" title="Pedalboards &amp; Cases">Pedalboards & Cases</a></li><li><a href="/en/power-supplies" title="Power Supplies">Power Supplies</a></li><li><a href="/en/cables" title="Cables">Cables</a></li><li><a href="/en/pro-audio-pedals-and-footswitches" title="Pedals &amp; Footswitches">Pedals & Footswitches</a></li></ul></div><div class="tabs_menu"><span>Amplifier</span><ul><li><a href="/en/footswitches" title="Footswitches">Footswitches</a></li><li><a href="/en/cables" title="Cables">Cables</a></li><li><a href="/en/amplifier-covers-and-cases" title="Covers &amp; Cases">Covers & Cases</a></li><li><a href="/en/amplifier-stands" title="Stands">Stands</a></li><li><a href="/en/valves-spares" title="Valves &amp; Spares">Valves & Spares</a></li></ul></div><div class="tabs_menu"><span>DVDs, Videos & CD Roms</span><ul><li><a href="/en/music-technology-dvds" title="Music Technology">Music Technology</a></li><li><a href="/en/electric-guitar-dvds" title="Electric Guitar">Electric Guitar</a></li><li><a href="/en/bass-guitar-dvds" title="Bass Guitar">Bass Guitar</a></li><li><a href="/en/vocals" title="Vocals">Vocals</a></li><li><a href="/en/drums-dvds" title="Drums">Drums</a></li></ul></div><div class="tabs_menu"><a href="/en/merchandise" title="Merchandise">Merchandise</a><ul><li><a href="/en/miscellaneous" title="Miscellaneous">Miscellaneous</a></li><li><a href="/en/drummers-gloves" title="Drummers Gloves">Drummers Gloves</a></li><li><a href="/en/apparel" title="Apparel">Apparel</a></li></ul></div><div class="tabs_menu"><span>GAK MEGA DEALS</span><ul><li><a href="/en/fender-accessories" title="Buy FENDER Accessories">Buy FENDER Accessories</a></li><li><a href="/en/gibson-accessories" title="All GIBSON Accessories">All GIBSON Accessories</a></li></ul></div></div><div id="tabs_6d" onmouseover="javascript:doTabsMouseOver('tabs_6', event)" onmouseout="javascript:tryTabsMouseOut('tabs_6', event)"><div class="tabs_menu"><span>Brands (A to D)</span><ul><li><a href="/en/ableton" title="Ableton">Ableton</a></li><li><a href="/en/adam" title="Adam">Adam</a></li><li><a href="/en/akai" title="Akai">Akai</a></li><li><a href="/en/akg" title="AKG">AKG</a></li><li><a href="/en/alesis" title="Alesis">Alesis</a></li><li><a href="/en/american-dj" title="American DJ">American DJ</a></li><li><a href="/en/ampeg" title="Ampeg">Ampeg</a></li><li><a href="/en/apogee" title="Apogee">Apogee</a></li><li><a href="/en/ashdown" title="Ashdown">Ashdown</a></li><li><a href="/en/audio-technica" title="Audio-Technica">Audio-Technica</a></li><li><a href="/en/avid" title="Avid">Avid</a></li><li><a href="/en/bc-rich" title="BC Rich">BC Rich</a></li><li><a href="/en/behringer" title="Behringer">Behringer</a></li><li><a href="/en/beyerdynamic" title="Beyerdynamic">Beyerdynamic</a></li><li><a href="/en/blackstar" title="Blackstar">Blackstar</a></li><li><a href="/en/boss" title="Boss">Boss</a></li><li><a href="/en/brian-may" title="Brian May">Brian May</a></li><li><a href="/en/daddario" title="D'Addario">D'Addario</a></li><li><a href="/en/danelectro" title="Danelectro">Danelectro</a></li><li><a href="/en/dean" title="Dean">Dean</a></li><li><a href="/en/digitech" title="Digitech">Digitech</a></li><li><a href="/en/jim-dunlop" title="Dunlop">Dunlop</a></li></ul></div><div class="tabs_menu"><span>Brands (D to H)</span><ul><li><a href="/en/dw" title="DW">DW</a></li><li><a href="/en/electro-harmonix" title="Electro-Harmonix">Electro-Harmonix</a></li><li><a href="/en/elixir" title="Elixir">Elixir</a></li><li><a href="/en/emg" title="EMG">EMG</a></li><li><a href="/en/engl" title="Engl">Engl</a></li><li><a href="/en/epiphone" title="Epiphone">Epiphone</a></li><li><a href="/en/ernie-ball" title="Ernie Ball">Ernie Ball</a></li><li><a href="/en/esp" title="ESP">ESP</a></li><li><a href="/en/evans" title="Evans">Evans</a></li><li><a href="/en/faith-guitars" title="Faith">Faith</a></li><li><a href="/en/fender" title="Fender">Fender</a></li><li><a href="/en/fishman" title="Fishman">Fishman</a></li><li><a href="/en/focusrite" title="Focusrite">Focusrite</a></li><li><a href="/en/gallien-krueger" title="Gallien-Krueger">Gallien-Krueger</a></li><li><a href="/en/genelec" title="Genelec">Genelec</a></li><li><a href="/en/gibraltar" title="Gibraltar">Gibraltar</a></li><li><a href="/en/gibson" title="Gibson">Gibson</a></li><li><a href="/en/gretsch" title="Gretsch">Gretsch</a></li><li><a href="/en/guild" title="Guild">Guild</a></li><li><a href="/en/hartke" title="Hartke">Hartke</a></li><li><a href="/en/hiscox" title="Hiscox">Hiscox</a></li><li><a href="/en/hughes-and-kettner" title="Hughes &amp; Kettner">Hughes & Kettner</a></li></ul></div><div class="tabs_menu"><span>Brands (I to M)</span><ul><li><a href="/en/ibanez" title="Ibanez">Ibanez</a></li><li><a href="/en/ik-multimedia" title="IK Multimedia">IK Multimedia</a></li><li><a href="/en/jackson" title="Jackson">Jackson</a></li><li><a href="/en/korg" title="Korg">Korg</a></li><li><a href="/en/kramer" title="Kramer">Kramer</a></li><li><a href="/en/krk" title="KRK">KRK</a></li><li><a href="/en/laney" title="Laney">Laney</a></li><li><a href="/en/lexicon" title="Lexicon">Lexicon</a></li><li><a href="/en/line6" title="Line 6">Line 6</a></li><li><a href="/en/ludwig" title="Ludwig">Ludwig</a></li><li><a href="/en/m-audio" title="M-Audio">M-Audio</a></li><li><a href="/en/mackie" title="Mackie">Mackie</a></li><li><a href="/en/mapex" title="Mapex">Mapex</a></li><li><a href="/en/markbass" title="Markbass">Markbass</a></li><li><a href="/en/marshall" title="Marshall">Marshall</a></li><li><a href="/en/martin-and-co." title="Martin">Martin</a></li><li><a href="/en/meinl" title="Meinl">Meinl</a></li><li><a href="/en/mesa-boogie" title="Mesa Boogie">Mesa Boogie</a></li><li><a href="/en/moog" title="Moog">Moog</a></li><li><a href="/en/motu" title="MOTU">MOTU</a></li><li><a href="/en/music-man" title="Music Man">Music Man</a></li></ul></div><div class="tabs_menu"><span>Brands (M to S)</span><ul><li><a href="/en/mxr" title="MXR">MXR</a></li><li><a href="/en/native-instruments" title="Native Instruments">Native Instruments</a></li><li><a href="/en/nord" title="Nord">Nord</a></li><li><a href="/en/novation" title="Novation">Novation</a></li><li><a href="/en/numark" title="Numark">Numark</a></li><li><a href="/en/orange" title="Orange">Orange</a></li><li><a href="/en/ovation" title="Ovation">Ovation</a></li><li><a href="/en/paiste" title="Paiste">Paiste</a></li><li><a href="/en/pearl" title="Pearl">Pearl</a></li><li><a href="/en/peavey" title="Peavey">Peavey</a></li><li><a href="/en/prs" title="PRS">PRS</a></li><li><a href="/en/remo" title="Remo">Remo</a></li><li><a href="/en/rickenbacker" title="Rickenbacker">Rickenbacker</a></li><li><a href="/en/rode" title="Rode">Rode</a></li><li><a href="/en/roland" title="Roland">Roland</a></li><li><a href="/en/rotosound" title="Rotosound">Rotosound</a></li><li><a href="/en/se-electronics" title="sE Electronics">sE Electronics</a></li><li><a href="/en/sabian" title="Sabian">Sabian</a></li><li><a href="/en/samson" title="Samson">Samson</a></li><li><a href="/en/schecter" title="Schecter">Schecter</a></li></ul></div><div class="tabs_menu"><span>Brands (S to Z)</span><ul><li><a href="/en/sennheiser" title="Sennheiser">Sennheiser</a></li><li><a href="/en/seymour-duncan" title="Seymour Duncan">Seymour Duncan</a></li><li><a href="/en/shure" title="Shure">Shure</a></li><li><a href="/en/squier" title="Squier">Squier</a></li><li><a href="/en/stagg" title="Stagg">Stagg</a></li><li><a href="/en/steinberg" title="Steinberg">Steinberg</a></li><li><a href="/en/steinberger" title="Steinberger">Steinberger</a></li><li><a href="/en/takamine" title="Takamine">Takamine</a></li><li><a href="/en/tama" title="Tama">Tama</a></li><li><a href="/en/tascam" title="Tascam">Tascam</a></li><li><a href="/en/taylor" title="Taylor">Taylor</a></li><li><a href="/en/tc-electronic" title="TC Electronic">TC Electronic</a></li><li><a href="/en/tc-helicon" title="TC Helicon">TC Helicon</a></li><li><a href="/en/vic-firth" title="Vic Firth">Vic Firth</a></li><li><a href="/en/vintage" title="Vintage">Vintage</a></li><li><a href="/en/vox" title="Vox">Vox</a></li><li><a href="/en/warwick" title="Warwick">Warwick</a></li><li><a href="/en/washburn" title="Washburn">Washburn</a></li><li><a href="/en/yamaha" title="Yamaha">Yamaha</a></li><li><a href="/en/zildjian" title="Zildjian">Zildjian</a></li><li><a href="/en/zoom" title="Zoom">Zoom</a></li></ul></div></div><div id="tabs_bar"><ul id="tabs_shortcuts"><li><a href="/" title="Home">Home</a></li><li><a href="/en/basket" title="My Basket">My Basket</a></li><li><a href="/en/privacy-policy" title="Privacy Policy">Privacy Policy</a></li><li><a href="/en/terms-and-conditions" title="Terms &amp; Conditions">Terms & Conditions</a></li><li><a href="/en/faq" title="FAQ">FAQ</a></li><li><a href="/en/contact-us" title="Contact Us">Contact Us</a></li></ul>&nbsp;</div><form action="http://www.gak.co.uk/en/search" method="post" id="tabs_search"><div><div class="search_c1"><input type="text" name="v[find_key]" onclick="javascript:this.value='';this.style.color='#000';" id="tabs_find_key" value="Search Store" /></div><div class="search_c2"><input type="submit" name="v[find_submit]" id="tabs_inputsearch" onmouseover="javascript:doTabSearchSubmitOver();" onmouseout="javascript:doTabSearchSubmitOut();" value="" /></div></div></form></div><div id="HiddenLayer"></div></body></html>